uid,topic,level,objective
1,Greet and introduce yourself,A1,
2,Greet and introduce yourself,A1,
3,Describe your family,A1,
4,Talk about work,A1,
5,Describe clothes,A1,
6,Describe clothes,A1,
7,Describe a normal day,A1,
8,Describe a normal day,A1,
9,Greet and say goodbye,A1,
10,Describe places,A1,
11,Talk about food,A1,
12,Talk about food,A1,
13,Talk about food,A1,
14,Ask for and tell the time,A1,
15,Ask for and tell the time,A1,
16,Go shopping,A1,
17,Talk about technology,A1,
18,Chat with others,A1,
19,Describe the weather,A1,
20,Describe the weather,A1,
21,Describe your house,A1,
22,Talk about animals,A1,
23,Give descriptions,A1,
24,Give descriptions,A1,
25,Request information,A1,
26,Request information,A1,
27,Request information,A1,
28,Talk about free time,A1,
29,Chat at school,A1,
30,Make comparisons,A1,
31,Express your opinion,A1,
32,Express your opinion,A1,
33,Express your opinion,A1,
34,Express your opinion,A1,
35,Express your opinion,A1,
36,Talk about romance,A1,
37,Mention what you have for breakfast,A1,
38,Describe furniture,A1,
39,Solve problems,A1,
40,Give advice,A1,
41,Give advice,A1,
42,Buy hygiene products,A1,
43,Participate in class,A1,
44,Participate in class,A1,
45,Look for accommodation,A1,
46,Plan a party,A1,
47,Talk about art,A1,
48,Talk about entertainment,A1,
49,Express surprise,A1,
50,Talk about a tournament,A1,
51,Dine in a restaurant,A1,
52,Dine in a restaurant,A1,
53,Talk about television,A1,
54,Talk about television,A1,
55,Give suggestions,A1,
56,Give suggestions,A1,
57,Apologize,A1,
58,Apologize,A1,
59,Apologize,A1,
60,Apologize,A1,
61,Apologize,A1,
62,Apologize,A1,
63,Apologize,A1,
64,Apologize,A1,
65,Apologize,A1,
66,Apologize,A1,
67,Talk about traffic,A1,
68,Talk about traffic,A1,
69,Maintain a conversation,A1,
70,Use the Internet,A1,
71,Use the Internet,A1,
72,Opine on sports,A1,
73,Express wishes,A1,
74,Talk about moves,A1,
75,Talk about gardening,A1,
76,Plan a trip,A1,
77,Remember the past,A1,
78,Remember the past,A1,
79,Gossip,A1,
80,Console someone,A1,
81,Console someone,A1,
82,Console someone,A1,
83,Blame someone,A1,
84,Blame someone,A1,
85,Blame someone,A1,
86,Give explanations,A1,
87,Give explanations,A1,
88,Negotiate prices,A1,
89,Talk about changes,A1,
90,Confirm information,A1,
91,Confirm information,A1,
92,Make plans for a Friday night,A2,
93,Greet and introduce yourself,A2,
94,Order in a restaurant,A2,
95,Describe your family,A2,
96,Describe your family,A2,
97,Describe clothes,A2,
98,Describe clothes,A2,
99,Describe clothes,A2,
100,Describe clothes,A2,
101,Describe a normal day,A2,
102,Describe a normal day,A2,
103,Greet and say goodbye,A2,
104,Greet and say goodbye,A2,
105,Describe places,A2,
106,Describe places,A2,
107,Describe places,A2,
108,Talk about food,A2,
109,Talk about food,A2,
110,Talk about food,A2,
111,Ask for and tell the time,A2,
112,Ask for and tell the time,A2,
113,Ask for and tell the time,A2,
114,Go shopping,A2,
115,Go shopping,A2,
116,Go shopping,A2,
117,Chat with others,A2,
118,Chat with others,A2,
119,Chat with others,A2,
120,Shop for clothes,A2,
121,Describe the weather,A2,
122,Describe the weather,A2,
123,Describe your house,A2,
124,Describe your house,A2,
125,Talk about animals,A2,
126,Give descriptions,A2,
127,Give descriptions,A2,
128,Give descriptions,A2,
129,Request information,A2,
130,Request information,A2,
131,Request information,A2,
132,Ask for directions,A2,
133,Ask for directions,A2,
134,Talk about free time,A2,
135,Talk about free time,A2,
136,Talk about nature,A2,
137,Make comparisons,A2,
138,Plan activities,A2,
139,Talk about the future,A2,
140,Describe symptoms,A2,
141,Express your opinion,A2,
142,Express your opinion,A2,
143,Express your opinion,A2,
144,Express your opinion,A2,
145,Express your opinion,A2,
146,Express your opinion,A2,
147,Express your opinion,A2,
148,Express your opinion,A2,
149,Mention what you have for breakfast,A2,
150,Describe furniture,A2,
151,Describe furniture,A2,
152,Describe furniture,A2,
153,Solve problems,A2,
154,Indicate quantities,A2,
155,Give advice,A2,
156,Give advice,A2,
157,Buy hygiene products,A2,
158,Buy hygiene products,A2,
159,Narrate stories,A2,
160,Participate in class,A2,
161,Participate in class,A2,
162,Talk about business,A2,
163,Talk about places,A2,
164,Describe illnesses,A2,
165,Look for accommodation,A2,
166,Identify ingredients,A2,
167,Identify ingredients,A2,
168,Describe activities,A2,
169,Analyze occupations,A2,
170,Describe relationships,A2,
171,Describe a trip,A2,
172,Describe a trip,A2,
173,Plan a party,A2,
174,Talk about art,A2,
175,Talk about art,A2,
176,Talk about entertainment,A2,
177,Describe costumes,A2,
178,Tell an adventure,A2,
179,Describe a move,A2,
180,Talk about your daily commute,A2,
181,Express surprise,A2,
182,Express surprise,A2,
183,Talk about a tournament,A2,
184,Talk about a tournament,A2,
185,Describe geography,A2,
186,Dine in a restaurant,A2,
187,Dine in a restaurant,A2,
188,Dine in a restaurant,A2,
189,Opine on music,A2,
190,Express gratitude,A2,
191,Express gratitude,A2,
192,Narrate your last trip,A2,
193,Meet up with friends,A2,
194,Meet up with friends,A2,
195,Talk about your relatives,A2,
196,Repeat information,A2,
197,Give suggestions,A2,
198,Give suggestions,A2,
199,Give suggestions,A2,
200,Plan a move,A2,
201,Apologize,A2,
202,Apologize,A2,
203,Apologize,A2,
204,Apologize,A2,
205,Apologize,A2,
206,Apologize,A2,
207,Apologize,A2,
208,Apologize,A2,
209,Apologize,A2,
210,Apologize,A2,
211,Apologize,A2,
212,Apologize,A2,
213,Talk about traffic,A2,
214,Talk about traffic,A2,
215,Talk about celebrities,A2,
216,Return an item,A2,
217,Make an announcement,A2,
218,Use the Internet,A2,
219,Use the Internet,A2,
220,Talk about the environment,A2,
221,Compare offers,A2,
222,Compare offers,A2,
223,Opine on sports,A2,
224,Opine on sports,A2,
225,Talk about well-being,A2,
226,Express wishes,A2,
227,Give health advice,A2,
228,Talk about moves,A2,
229,Talk about moves,A2,
230,Undertake projects,A2,
231,Talk about gardening,A2,
232,Plan a trip,A2,
233,Warn of risks,A2,
234,Remember the past,A2,
235,Remember the past,A2,
236,Remember the past,A2,
237,Remember the past,A2,
238,Remember the past,A2,
239,Gossip,A2,
240,Gossip,A2,
241,Gossip,A2,
242,Gossip,A2,
243,Express opinions,A2,
244,Console someone,A2,
245,Console someone,A2,
246,Console someone,A2,
247,Console someone,A2,
248,Console someone,A2,
249,Console someone,A2,
250,Blame someone,A2,
251,Blame someone,A2,
252,Blame someone,A2,
253,Blame someone,A2,
254,Blame someone,A2,
255,Give explanations,A2,
256,Give explanations,A2,
257,Give explanations,A2,
258,Give explanations,A2,
259,Give explanations,A2,
260,Negotiate prices,A2,
261,Negotiate prices,A2,
262,Talk about the history of music,A2,
263,Talk about changes,A2,
264,Tell stories around a campfire,A2,
265,Confirm information,A2,
266,Confirm information,A2,
267,Confirm information,A2,
268,Confirm information,A2,
269,Confirm information,A2,
270,Confirm information,A2,
271,Respond to an order or request,A2,
272,Greet and introduce yourself,B1,
273,Talk about trips,B1,
274,Order in a restaurant,B1,
275,Ask for and give information,B1,
276,Describe your family,B1,
277,Describe your family,B1,
278,Talk about work,B1,
279,Describe clothes,B1,
280,Describe clothes,B1,
281,Describe clothes,B1,
282,Describe clothes,B1,
283,Describe a normal day,B1,
284,Describe a normal day,B1,
285,Greet and say goodbye,B1,
286,Greet and say goodbye,B1,
287,Greet and say goodbye,B1,
288,Greet and say goodbye,B1,
289,"Describe your family, ask questions",B1,
290,Describe places,B1,
291,Describe places,B1,
292,Describe places,B1,
293,Describe places,B1,
294,Describe routines,B1,
295,Describe routines,B1,
296,Express moods,B1,
297,Express moods,B1,
298,Talk about food,B1,
299,Talk about food,B1,
300,Talk about food,B1,
301,Ask for favors,B1,
302,Ask for and tell the time,B1,
303,Ask for and tell the time,B1,
304,Ask for and tell the time,B1,
305,Describe your home,B1,
306,Go shopping,B1,
307,Go shopping,B1,
308,Go shopping,B1,
309,Talk about hobbies,B1,
310,Describe people,B1,
311,Talk about technology,B1,
312,Chat with others,B1,
313,Chat with others,B1,
314,Chat with others,B1,
315,Chat with others,B1,
316,Shop for clothes,B1,
317,Describe the weather,B1,
318,Describe the weather,B1,
319,Describe the weather,B1,
320,Describe your house,B1,
321,Talk about animals,B1,
322,Talk about animals,B1,
323,Talk about animals,B1,
324,Talk about animals,B1,
325,Give descriptions,B1,
326,Give descriptions,B1,
327,Give descriptions,B1,
328,Give descriptions,B1,
329,Give descriptions,B1,
330,Give descriptions,B1,
331,Give descriptions,B1,
332,Give descriptions,B1,
333,Request information,B1,
334,Request information,B1,
335,Request information,B1,
336,Request information,B1,
337,Request information,B1,
338,Request information,B1,
339,Request information,B1,
340,Ask for directions,B1,
341,Ask for directions,B1,
342,Ask for directions,B1,
343,Talk about free time,B1,
344,Talk about free time,B1,
345,Chat at school,B1,
346,Describe objects,B1,
347,Make comparisons,B1,
348,Make comparisons,B1,
349,Plan activities,B1,
350,Talk about the future,B1,
351,Talk about the future,B1,
352,Describe symptoms,B1,
353,Express your opinion,B1,
354,Express your opinion,B1,
355,Express your opinion,B1,
356,Express your opinion,B1,
357,Express your opinion,B1,
358,Express your opinion,B1,
359,Express your opinion,B1,
360,Express your opinion,B1,
361,Express your opinion,B1,
362,Express your opinion,B1,
363,Express your opinion,B1,
364,Express your opinion,B1,
365,Express your opinion,B1,
366,Express your opinion,B1,
367,Express your opinion,B1,
368,Talk about festivals,B1,
369,Talk about romance,B1,
370,Talk about romance,B1,
371,Talk about chores,B1,
372,Describe furniture,B1,
373,Describe furniture,B1,
374,Solve problems,B1,
375,Solve problems,B1,
376,Solve problems,B1,
377,Talk about your achievements,B1,
378,Indicate quantities,B1,
379,Indicate quantities,B1,
380,Indicate quantities,B1,
381,Talk about accidents,B1,
382,Talk about accidents,B1,
383,Give advice,B1,
384,Give advice,B1,
385,Give advice,B1,
386,Give advice,B1,
387,Give advice,B1,
388,Buy hygiene products,B1,
389,Narrate stories,B1,
390,Narrate stories,B1,
391,Talk about your health,B1,
392,Participate in class,B1,
393,Acquire new clothes,B1,
394,Talk about places,B1,
395,Interact socially,B1,
396,Interact socially,B1,
397,Describe illnesses,B1,
398,Describe illnesses,B1,
399,Look for accommodation,B1,
400,Identify ingredients,B1,
401,Identify ingredients,B1,
402,Identify ingredients,B1,
403,Describe activities,B1,
404,Describe activities,B1,
405,Analyze occupations,B1,
406,Analyze occupations,B1,
407,Describe a wedding,B1,
408,Describe a wedding,B1,
409,Describe relationships,B1,
410,Describe relationships,B1,
411,Describe a trip,B1,
412,Describe a trip,B1,
413,Describe a trip,B1,
414,Plan a party,B1,
415,Attend an interview,B1,
416,Talk about art,B1,
417,Talk about art,B1,
418,Narrate a dream,B1,
419,Narrate a dream,B1,
420,Talk about entertainment,B1,
421,Talk about entertainment,B1,
422,Describe costumes,B1,
423,Tell an adventure,B1,
424,Confide secrets,B1,
425,Confide secrets,B1,
426,Confide secrets,B1,
427,Describe a move,B1,
428,Describe a move,B1,
429,Describe a move,B1,
430,Describe a move,B1,
431,Describe a move,B1,
432,Describe a move,B1,
433,Express surprise,B1,
434,Express surprise,B1,
435,Express surprise,B1,
436,Express surprise,B1,
437,Express surprise,B1,
438,Express surprise,B1,
439,Talk about politics,B1,
440,Express fear,B1,
441,Express fear,B1,
442,Talk about cinema,B1,
443,Talk about a tournament,B1,
444,Talk about a tournament,B1,
445,Talk about a tournament,B1,
446,Establish contacts,B1,
447,Describe geography,B1,
448,Dine in a restaurant,B1,
449,Dine in a restaurant,B1,
450,Opine on music,B1,
451,Talk about crimes,B1,
452,Talk about crimes,B1,
453,Talk about historical periods,B1,
454,Express gratitude,B1,
455,Express gratitude,B1,
456,Express gratitude,B1,
457,Talk about interests,B1,
458,Strike up a conversation,B1,
459,Strike up a conversation,B1,
460,Talk about television,B1,
461,Talk about history,B1,
462,Meet up with friends,B1,
463,Meet up with friends,B1,
464,Meet up with friends,B1,
465,Make a complaint,B1,
466,Repeat information,B1,
467,Repeat information,B1,
468,Talk about religion,B1,
469,Give suggestions,B1,
470,Give suggestions,B1,
471,Give suggestions,B1,
472,Give suggestions,B1,
473,Give suggestions,B1,
474,Give suggestions,B1,
475,Plan a move,B1,
476,Plan a move,B1,
477,Plan a move,B1,
478,Plan a move,B1,
479,Apologize,B1,
480,Apologize,B1,
481,Apologize,B1,
482,Apologize,B1,
483,Apologize,B1,
484,Apologize,B1,
485,Apologize,B1,
486,Apologize,B1,
487,Apologize,B1,
488,Apologize,B1,
489,Apologize,B1,
490,Apologize,B1,
491,Apologize,B1,
492,Apologize,B1,
493,Apologize,B1,
494,Apologize,B1,
495,Apologize,B1,
496,Apologize,B1,
497,Apologize,B1,
498,Apologize,B1,
499,Apologize,B1,
500,Take your car to the shop,B1,
501,Talk about your school life,B1,
502,Talk about traffic,B1,
503,Maintain a conversation,B1,
504,Return an item,B1,
505,Return an item,B1,
506,Make an announcement,B1,
507,Make an announcement,B1,
508,Use the Internet,B1,
509,Use the Internet,B1,
510,Use the Internet,B1,
511,Describe traditions,B1,
512,Talk about the environment,B1,
513,Talk about the environment,B1,
514,Talk about aesthetics,B1,
515,Talk about aesthetics,B1,
516,Talk about aesthetics,B1,
517,Compare offers,B1,
518,Compare offers,B1,
519,Compare offers,B1,
520,Opine on sports,B1,
521,Opine on sports,B1,
522,Talk about well-being,B1,
523,Collaborate in the office,B1,
524,Collaborate in the office,B1,
525,Talk about news,B1,
526,Express wishes,B1,
527,Give and ask for permission,B1,
528,Give and ask for permission,B1,
529,Talk about moves,B1,
530,Talk about moves,B1,
531,Talk about moves,B1,
532,Undertake projects,B1,
533,Talk about gardening,B1,
534,Talk about gardening,B1,
535,Plan a trip,B1,
536,Warn of risks,B1,
537,Warn of risks,B1,
538,Recognize mistakes,B1,
539,Recognize mistakes,B1,
540,Talk about studies,B1,
541,Remember the past,B1,
542,Remember the past,B1,
543,Remember the past,B1,
544,Remember the past,B1,
545,Remember the past,B1,
546,Remember the past,B1,
547,Chat at work,B1,
548,Talk about goals,B1,
549,Gossip,B1,
550,Gossip,B1,
551,Gossip,B1,
552,Gossip,B1,
553,Gossip,B1,
554,Gossip,B1,
555,Express opinions,B1,
556,Express opinions,B1,
557,Express opinions,B1,
558,Express opinions,B1,
559,Express opinions,B1,
560,Console someone,B1,
561,Console someone,B1,
562,Console someone,B1,
563,Console someone,B1,
564,Console someone,B1,
565,Console someone,B1,
566,Console someone,B1,
567,Console someone,B1,
568,Blame someone,B1,
569,Blame someone,B1,
570,Blame someone,B1,
571,Blame someone,B1,
572,Blame someone,B1,
573,Blame someone,B1,
574,Blame someone,B1,
575,Blame someone,B1,
576,Give explanations,B1,
577,Give explanations,B1,
578,Give explanations,B1,
579,Give explanations,B1,
580,Give explanations,B1,
581,Give explanations,B1,
582,Give explanations,B1,
583,Give explanations,B1,
584,Give explanations,B1,
585,Give explanations,B1,
586,Negotiate prices,B1,
587,Negotiate prices,B1,
588,Talk about changes,B1,
589,Talk about changes,B1,
590,Express disagreement,B1,
591,Express disagreement,B1,
592,Express frustration,B1,
593,Express frustration,B1,
594,Express frustration,B1,
595,Tell stories around a campfire,B1,
596,Describe a move to the big city,B1,
597,Express certainty or uncertainty,B1,
598,Confirm information,B1,
599,Confirm information,B1,
600,Confirm information,B1,
601,Confirm information,B1,
602,Confirm information,B1,
603,Confirm information,B1,
604,Confirm information,B1,
605,Express good wishes,B1,
606,Use the future perfect continuous,B1,
607,Make plans for a Friday night,B1,
608,Greet and introduce yourself,B2,
609,Greet and introduce yourself,B2,
610,Order in a restaurant,B2,
611,Order in a restaurant,B2,
612,Describe your family,B2,
613,Describe your family,B2,
614,Talk about work,B2,
615,Talk about work,B2,
616,Describe clothes,B2,
617,Describe clothes,B2,
618,Describe clothes,B2,
619,Describe clothes,B2,
620,Describe a normal day,B2,
621,Express preferences,B2,
622,Greet and say goodbye,B2,
623,Greet and say goodbye,B2,
624,Greet and say goodbye,B2,
625,Greet and say goodbye,B2,
626,Greet and say goodbye,B2,
627,Greet and say goodbye,B2,
628,Describe places,B2,
629,Describe places,B2,
630,Describe places,B2,
631,Describe routines,B2,
632,Describe routines,B2,
633,Express moods,B2,
634,Express moods,B2,
635,Express moods,B2,
636,Express moods,B2,
637,Talk about food,B2,
638,Talk about food,B2,
639,Talk about food,B2,
640,Ask for and tell the time,B2,
641,Ask for and tell the time,B2,
642,Go shopping,B2,
643,Go shopping,B2,
644,Go shopping,B2,
645,Go shopping,B2,
646,Describe people,B2,
647,Describe people,B2,
648,Describe people,B2,
649,Talk about technology,B2,
650,Talk about technology,B2,
651,Chat with others,B2,
652,Chat with others,B2,
653,Shop for clothes,B2,
654,Describe the weather,B2,
655,Describe the weather,B2,
656,Describe a city,B2,
657,Describe your house,B2,
658,Talk about animals,B2,
659,Talk about animals,B2,
660,Give descriptions,B2,
661,Give descriptions,B2,
662,Give descriptions,B2,
663,Give descriptions,B2,
664,Give descriptions,B2,
665,Give descriptions,B2,
666,Give descriptions,B2,
667,Give descriptions,B2,
668,Give descriptions,B2,
669,Give descriptions,B2,
670,Give descriptions,B2,
671,Request information,B2,
672,Request information,B2,
673,Request information,B2,
674,Request information,B2,
675,Request information,B2,
676,Request information,B2,
677,Ask for directions,B2,
678,Ask for directions,B2,
679,Ask for directions,B2,
680,Ask for directions,B2,
681,Ask for directions,B2,
682,Ask for directions,B2,
683,Ask for directions,B2,
684,Talk about free time,B2,
685,Talk about free time,B2,
686,Talk about nature,B2,
687,Describe objects,B2,
688,Describe objects,B2,
689,Make comparisons,B2,
690,Make comparisons,B2,
691,Make comparisons,B2,
692,Make comparisons,B2,
693,Make comparisons,B2,
694,Plan activities,B2,
695,Plan activities,B2,
696,Plan activities,B2,
697,Talk about the future,B2,
698,Talk about the future,B2,
699,Describe symptoms,B2,
700,Narrate past events,B2,
701,Express your opinion,B2,
702,Express your opinion,B2,
703,Express your opinion,B2,
704,Express your opinion,B2,
705,Express your opinion,B2,
706,Express your opinion,B2,
707,Express your opinion,B2,
708,Express your opinion,B2,
709,Express your opinion,B2,
710,Express your opinion,B2,
711,Express your opinion,B2,
712,Express your opinion,B2,
713,Express your opinion,B2,
714,Express your opinion,B2,
715,Express your opinion,B2,
716,Express your opinion,B2,
717,Express your opinion,B2,
718,Express your opinion,B2,
719,Talk about romance,B2,
720,Talk about romance,B2,
721,Mention what you have for breakfast,B2,
722,Describe furniture,B2,
723,Solve problems,B2,
724,Solve problems,B2,
725,Solve problems,B2,
726,Solve problems,B2,
727,Solve problems,B2,
728,Make transactions,B2,
729,Talk about your achievements,B2,
730,Talk about your achievements,B2,
731,Indicate quantities,B2,
732,Indicate quantities,B2,
733,Indicate quantities,B2,
734,Indicate quantities,B2,
735,Indicate quantities,B2,
736,Indicate quantities,B2,
737,Indicate quantities,B2,
738,Talk about accidents,B2,
739,Talk about accidents,B2,
740,Give advice,B2,
741,Give advice,B2,
742,Give advice,B2,
743,Give advice,B2,
744,Give advice,B2,
745,Buy hygiene products,B2,
746,Buy clothes,B2,
747,Narrate stories,B2,
748,Talk about professions,B2,
749,Talk about your health,B2,
750,Participate in class,B2,
751,Participate in class,B2,
752,Acquire new clothes,B2,
753,Talk about business,B2,
754,Talk about business,B2,
755,Talk about business,B2,
756,Talk about places,B2,
757,Talk about places,B2,
758,Interact socially,B2,
759,Interact socially,B2,
760,Interact socially,B2,
761,Describe illnesses,B2,
762,Describe illnesses,B2,
763,Look for accommodation,B2,
764,Look for accommodation,B2,
765,Identify ingredients,B2,
766,Identify ingredients,B2,
767,Identify ingredients,B2,
768,Identify ingredients,B2,
769,Identify ingredients,B2,
770,Describe activities,B2,
771,Describe activities,B2,
772,Describe nature,B2,
773,Analyze occupations,B2,
774,Analyze occupations,B2,
775,Analyze occupations,B2,
776,Talk about memories,B2,
777,Describe relationships,B2,
778,Describe relationships,B2,
779,Describe a trip,B2,
780,Describe a trip,B2,
781,Plan a party,B2,
782,"Give descriptions, ask questions",B2,
783,"Give descriptions, ask questions",B2,
784,Talk about art,B2,
785,Talk about art,B2,
786,Narrate a dream,B2,
787,Talk about entertainment,B2,
788,Talk about entertainment,B2,
789,Talk about entertainment,B2,
790,Describe costumes,B2,
791,Describe costumes,B2,
792,Tell an adventure,B2,
793,Tell an adventure,B2,
794,Confide secrets,B2,
795,Confide secrets,B2,
796,Confide secrets,B2,
797,Confide secrets,B2,
798,Confide secrets,B2,
799,Confide secrets,B2,
800,Confide secrets,B2,
801,Confide secrets,B2,
802,Confide secrets,B2,
803,Consult your doctor,B2,
804,Describe a move,B2,
805,Describe a move,B2,
806,Describe a move,B2,
807,Describe a move,B2,
808,Describe a move,B2,
809,Describe a move,B2,
810,Describe a move,B2,
811,Describe a move,B2,
812,Describe a move,B2,
813,Describe a move,B2,
814,Express surprise,B2,
815,Express surprise,B2,
816,Express surprise,B2,
817,Express surprise,B2,
818,Express surprise,B2,
819,Express surprise,B2,
820,Express surprise,B2,
821,Express surprise,B2,
822,Express surprise,B2,
823,Talk about politics,B2,
824,Express fear,B2,
825,Express fear,B2,
826,Express fear,B2,
827,Express fear,B2,
828,Express fear,B2,
829,Talk about a tournament,B2,
830,Talk about a tournament,B2,
831,Talk about a tournament,B2,
832,Establish contacts,B2,
833,Describe geography,B2,
834,Dine in a restaurant,B2,
835,Dine in a restaurant,B2,
836,Talk about crimes,B2,
837,Talk about crimes,B2,
838,Talk about crimes,B2,
839,Talk about crimes,B2,
840,Talk about historical periods,B2,
841,Express gratitude,B2,
842,Express gratitude,B2,
843,Express gratitude,B2,
844,Express gratitude,B2,
845,Express gratitude,B2,
846,Express gratitude,B2,
847,Express gratitude,B2,
848,Express gratitude,B2,
849,Strike up a conversation,B2,
850,Strike up a conversation,B2,
851,Strike up a conversation,B2,
852,Narrate your last trip,B2,
853,Talk about television,B2,
854,Talk about television,B2,
855,Talk about history,B2,
856,Meet up with friends,B2,
857,Meet up with friends,B2,
858,Make a complaint,B2,
859,Make a complaint,B2,
860,Repeat information,B2,
861,Repeat information,B2,
862,Repeat information,B2,
863,Talk about religion,B2,
864,Talk about religion,B2,
865,Give suggestions,B2,
866,Give suggestions,B2,
867,Give suggestions,B2,
868,Give suggestions,B2,
869,Give suggestions,B2,
870,Give suggestions,B2,
871,Give suggestions,B2,
872,Plan a move,B2,
873,Plan a move,B2,
874,Plan a move,B2,
875,Plan a move,B2,
876,Plan a move,B2,
877,Apologize,B2,
878,Apologize,B2,
879,Apologize,B2,
880,Apologize,B2,
881,Apologize,B2,
882,Apologize,B2,
883,Apologize,B2,
884,Apologize,B2,
885,Apologize,B2,
886,Apologize,B2,
887,Apologize,B2,
888,Apologize,B2,
889,Apologize,B2,
890,Apologize,B2,
891,Apologize,B2,
892,Apologize,B2,
893,Apologize,B2,
894,Apologize,B2,
895,Apologize,B2,
896,Take your car to the shop,B2,
897,Talk about traffic,B2,
898,Talk about traffic,B2,
899,Talk about the working world,B2,
900,Maintain a conversation,B2,
901,Maintain a conversation,B2,
902,Maintain a conversation,B2,
903,Return an item,B2,
904,Make an announcement,B2,
905,Make an announcement,B2,
906,Use the Internet,B2,
907,Use the Internet,B2,
908,Use the Internet,B2,
909,Use the Internet,B2,
910,Describe traditions,B2,
911,Talk about the environment,B2,
912,Talk about the environment,B2,
913,Talk about the environment,B2,
914,Talk about the environment,B2,
915,Talk about aesthetics,B2,
916,Talk about aesthetics,B2,
917,Talk about aesthetics,B2,
918,Talk about aesthetics,B2,
919,Talk about aesthetics,B2,
920,Talk about aesthetics,B2,
921,Compare offers,B2,
922,Compare offers,B2,
923,Compare offers,B2,
924,Compare offers,B2,
925,Compare offers,B2,
926,Opine on sports,B2,
927,Opine on sports,B2,
928,Collaborate in the office,B2,
929,Collaborate in the office,B2,
930,Collaborate in the office,B2,
931,Collaborate in the office,B2,
932,Express wishes,B2,
933,Express wishes,B2,
934,Give and ask for permission,B2,
935,Give and ask for permission,B2,
936,Give health advice,B2,
937,Talk about moves,B2,
938,Talk about moves,B2,
939,Talk about moves,B2,
940,Talk about moves,B2,
941,Undertake projects,B2,
942,Undertake projects,B2,
943,Undertake projects,B2,
944,Talk about gardening,B2,
945,Talk about gardening,B2,
946,Plan a trip,B2,
947,Plan a trip,B2,
948,Warn of risks,B2,
949,Warn of risks,B2,
950,Warn of risks,B2,
951,Warn of risks,B2,
952,Disprove stereotypes,B2,
953,Recognize mistakes,B2,
954,Recognize mistakes,B2,
955,Recognize mistakes,B2,
956,Recognize mistakes,B2,
957,Talk about studies,B2,
958,Talk about studies,B2,
959,Remember the past,B2,
960,Remember the past,B2,
961,Remember the past,B2,
962,Remember the past,B2,
963,Remember the past,B2,
964,Remember the past,B2,
965,Remember the past,B2,
966,Remember the past,B2,
967,Talk about etiquette,B2,
968,Talk about renovations,B2,
969,Gossip,B2,
970,Gossip,B2,
971,Gossip,B2,
972,Gossip,B2,
973,Gossip,B2,
974,Gossip,B2,
975,Gossip,B2,
976,Gossip,B2,
977,Gossip,B2,
978,Gossip,B2,
979,Gossip,B2,
980,Lodge a complaint,B2,
981,Talk about cause and effect,B2,
982,Express opinions,B2,
983,Express opinions,B2,
984,Express opinions,B2,
985,Express opinions,B2,
986,Express opinions,B2,
987,Express opinions,B2,
988,Express opinions,B2,
989,Express opinions,B2,
990,Express opinions,B2,
991,Console someone,B2,
992,Console someone,B2,
993,Console someone,B2,
994,Console someone,B2,
995,Console someone,B2,
996,Console someone,B2,
997,Console someone,B2,
998,Console someone,B2,
999,Console someone,B2,
1000,Console someone,B2,
1001,Console someone,B2,
1002,Negotiate at work,B2,
1003,Negotiate at work,B2,
1004,Blame someone,B2,
1005,Blame someone,B2,
1006,Blame someone,B2,
1007,Blame someone,B2,
1008,Blame someone,B2,
1009,Blame someone,B2,
1010,Blame someone,B2,
1011,Blame someone,B2,
1012,Blame someone,B2,
1013,Blame someone,B2,
1014,Blame someone,B2,
1015,Blame someone,B2,
1016,Blame someone,B2,
1017,Blame someone,B2,
1018,Blame someone,B2,
1019,Blame someone,B2,
1020,Discuss hypotheses,B2,
1021,Give explanations,B2,
1022,Give explanations,B2,
1023,Give explanations,B2,
1024,Give explanations,B2,
1025,Give explanations,B2,
1026,Give explanations,B2,
1027,Give explanations,B2,
1028,Give explanations,B2,
1029,Give explanations,B2,
1030,Give explanations,B2,
1031,Give explanations,B2,
1032,Give explanations,B2,
1033,Give explanations,B2,
1034,Give explanations,B2,
1035,Give explanations,B2,
1036,Give explanations,B2,
1037,Give explanations,B2,
1038,Give explanations,B2,
1039,Give explanations,B2,
1040,Give explanations,B2,
1041,Give explanations,B2,
1042,Give explanations,B2,
1043,Ask for things politely,B2,
1044,Negotiate prices,B2,
1045,Negotiate prices,B2,
1046,Understand local news,B2,
1047,Talk about the history of music,B2,
1048,Talk about changes,B2,
1049,Express disagreement,B2,
1050,Express disagreement,B2,
1051,Express disagreement,B2,
1052,Express disagreement,B2,
1053,Express disagreement,B2,
1054,Present a counterargument,B2,
1055,Present a counterargument,B2,
1056,Express frustration,B2,
1057,Express frustration,B2,
1058,Express frustration,B2,
1059,Express frustration,B2,
1060,Express frustration,B2,
1061,Express frustration,B2,
1062,Express frustration,B2,
1063,Express frustration,B2,
1064,Express frustration,B2,
1065,Draw conclusions and deductions,B2,
1066,Tell stories around a campfire,B2,
1067,Describe a move to the big city,B2,
1068,Express certainty or uncertainty,B2,
1069,Express certainty or uncertainty,B2,
1070,Express certainty or uncertainty,B2,
1071,Confirm information,B2,
1072,Confirm information,B2,
1073,Confirm information,B2,
1074,Confirm information,B2,
1075,Confirm information,B2,
1076,Confirm information,B2,
1077,Confirm information,B2,
1078,Express good wishes,B2,
1079,Use the future perfect continuous,B2,
1080,Make plans for a Friday night,B2,
1081,Politely decline an offer,B2,
1082,Greet and introduce yourself,C1,
1083,Ask for and give information,C1,
1084,Describe clothes,C1,
1085,Describe clothes,C1,
1086,Describe a normal day,C1,
1087,Greet and say goodbye,C1,
1088,Greet and say goodbye,C1,
1089,"Describe your family, ask questions",C1,
1090,Describe places,C1,
1091,Describe places,C1,
1092,Express moods,C1,
1093,Express moods,C1,
1094,Talk about food,C1,
1095,Talk about food,C1,
1096,Ask for and tell the time,C1,
1097,Ask for and tell the time,C1,
1098,Go shopping,C1,
1099,Describe people,C1,
1100,Talk about technology,C1,
1101,Talk about technology,C1,
1102,Chat with others,C1,
1103,Shop for clothes,C1,
1104,Describe your house,C1,
1105,Talk about animals,C1,
1106,Give descriptions,C1,
1107,Give descriptions,C1,
1108,Give descriptions,C1,
1109,Give descriptions,C1,
1110,Give descriptions,C1,
1111,Give descriptions,C1,
1112,Give descriptions,C1,
1113,Give descriptions,C1,
1114,Request information,C1,
1115,Request information,C1,
1116,Request information,C1,
1117,Ask for directions,C1,
1118,Ask for directions,C1,
1119,Ask for directions,C1,
1120,Talk about free time,C1,
1121,Talk about free time,C1,
1122,Talk about nature,C1,
1123,Describe objects,C1,
1124,Make comparisons,C1,
1125,Make comparisons,C1,
1126,Make comparisons,C1,
1127,Make comparisons,C1,
1128,Plan activities,C1,
1129,Plan activities,C1,
1130,Talk about the future,C1,
1131,Describe symptoms,C1,
1132,Express your opinion,C1,
1133,Express your opinion,C1,
1134,Express your opinion,C1,
1135,Express your opinion,C1,
1136,Express your opinion,C1,
1137,Express your opinion,C1,
1138,Express your opinion,C1,
1139,Express your opinion,C1,
1140,Talk about chores,C1,
1141,Describe furniture,C1,
1142,Solve problems,C1,
1143,Solve problems,C1,
1144,Make transactions,C1,
1145,Make transactions,C1,
1146,Indicate quantities,C1,
1147,Indicate quantities,C1,
1148,Indicate quantities,C1,
1149,Indicate quantities,C1,
1150,Indicate quantities,C1,
1151,Talk about accidents,C1,
1152,Give advice,C1,
1153,Give advice,C1,
1154,Give advice,C1,
1155,Give advice,C1,
1156,Buy hygiene products,C1,
1157,Buy clothes,C1,
1158,Narrate stories,C1,
1159,Talk about professions,C1,
1160,Participate in class,C1,
1161,Participate in class,C1,
1162,Acquire new clothes,C1,
1163,Talk about business,C1,
1164,Talk about business,C1,
1165,Talk about business,C1,
1166,Interact socially,C1,
1167,Interact socially,C1,
1168,Interact socially,C1,
1169,Describe illnesses,C1,
1170,Look for accommodation,C1,
1171,Look for accommodation,C1,
1172,Identify ingredients,C1,
1173,Describe nature,C1,
1174,Analyze occupations,C1,
1175,Analyze occupations,C1,
1176,Describe relationships,C1,
1177,Describe relationships,C1,
1178,Describe a trip,C1,
1179,Discuss current events,C1,
1180,Plan a party,C1,
1181,"Give descriptions, ask questions",C1,
1182,Talk about art,C1,
1183,Narrate a dream,C1,
1184,Describe costumes,C1,
1185,Tell an adventure,C1,
1186,Confide secrets,C1,
1187,Confide secrets,C1,
1188,Confide secrets,C1,
1189,Confide secrets,C1,
1190,Describe a move,C1,
1191,Describe a move,C1,
1192,Describe a move,C1,
1193,Describe a move,C1,
1194,Describe a move,C1,
1195,Describe a move,C1,
1196,Describe a move,C1,
1197,Express surprise,C1,
1198,Express surprise,C1,
1199,Express surprise,C1,
1200,Express surprise,C1,
1201,Talk about politics,C1,
1202,Talk about politics,C1,
1203,Express fear,C1,
1204,Express fear,C1,
1205,Express fear,C1,
1206,Talk about a tournament,C1,
1207,Establish contacts,C1,
1208,Describe geography,C1,
1209,Opine on music,C1,
1210,Talk about crimes,C1,
1211,Express gratitude,C1,
1212,Express gratitude,C1,
1213,Express gratitude,C1,
1214,Express gratitude,C1,
1215,Express gratitude,C1,
1216,"Talk about your home, ask short questions",C1,
1217,Talk about interests,C1,
1218,Talk about interests,C1,
1219,Narrate your last trip,C1,
1220,Talk about history,C1,
1221,Meet up with friends,C1,
1222,Meet up with friends,C1,
1223,Make a complaint,C1,
1224,Make a complaint,C1,
1225,Repeat information,C1,
1226,Repeat information,C1,
1227,Give suggestions,C1,
1228,Give suggestions,C1,
1229,Give suggestions,C1,
1230,Plan a move,C1,
1231,Plan a move,C1,
1232,Plan a move,C1,
1233,Apologize,C1,
1234,Apologize,C1,
1235,Apologize,C1,
1236,Apologize,C1,
1237,Apologize,C1,
1238,Apologize,C1,
1239,Apologize,C1,
1240,Apologize,C1,
1241,Talk about your goals,C1,
1242,Talk about traffic,C1,
1243,Talk about traffic,C1,
1244,Talk about the working world,C1,
1245,Maintain a conversation,C1,
1246,Return an item,C1,
1247,Make an announcement,C1,
1248,Make an announcement,C1,
1249,Make an announcement,C1,
1250,Use the Internet,C1,
1251,Use the Internet,C1,
1252,Talk about the environment,C1,
1253,Talk about the environment,C1,
1254,Talk about aesthetics,C1,
1255,Talk about aesthetics,C1,
1256,Talk about aesthetics,C1,
1257,Compare offers,C1,
1258,Compare offers,C1,
1259,Compare offers,C1,
1260,Opine on sports,C1,
1261,Talk about well-being,C1,
1262,Collaborate in the office,C1,
1263,Collaborate in the office,C1,
1264,Collaborate in the office,C1,
1265,Express wishes,C1,
1266,Give and ask for permission,C1,
1267,Give and ask for permission,C1,
1268,Give health advice,C1,
1269,Talk about moves,C1,
1270,Talk about moves,C1,
1271,Undertake projects,C1,
1272,Undertake projects,C1,
1273,Plan a trip,C1,
1274,Warn of risks,C1,
1275,Warn of risks,C1,
1276,Warn of risks,C1,
1277,Disprove stereotypes,C1,
1278,Disprove stereotypes,C1,
1279,Recognize mistakes,C1,
1280,Recognize mistakes,C1,
1281,Recognize mistakes,C1,
1282,Remember the past,C1,
1283,Remember the past,C1,
1284,Remember the past,C1,
1285,Remember the past,C1,
1286,Remember the past,C1,
1287,Talk about renovations,C1,
1288,Talk about goals,C1,
1289,Gossip,C1,
1290,Gossip,C1,
1291,Gossip,C1,
1292,Gossip,C1,
1293,Lodge a complaint,C1,
1294,Lodge a complaint,C1,
1295,Talk about cause and effect,C1,
1296,Express opinions,C1,
1297,Express opinions,C1,
1298,Express opinions,C1,
1299,Express opinions,C1,
1300,Console someone,C1,
1301,Console someone,C1,
1302,Console someone,C1,
1303,Console someone,C1,
1304,Console someone,C1,
1305,Console someone,C1,
1306,Blame someone,C1,
1307,Blame someone,C1,
1308,Blame someone,C1,
1309,Blame someone,C1,
1310,Blame someone,C1,
1311,Blame someone,C1,
1312,Blame someone,C1,
1313,Discuss hypotheses,C1,
1314,Give explanations,C1,
1315,Give explanations,C1,
1316,Give explanations,C1,
1317,Give explanations,C1,
1318,Give explanations,C1,
1319,Give explanations,C1,
1320,Give explanations,C1,
1321,Give explanations,C1,
1322,Give explanations,C1,
1323,Give explanations,C1,
1324,Negotiate prices,C1,
1325,Negotiate prices,C1,
1326,Talk about changes,C1,
1327,Talk about changes,C1,
1328,Express disagreement,C1,
1329,Express disagreement,C1,
1330,Present a counterargument,C1,
1331,Express frustration,C1,
1332,Express frustration,C1,
1333,Express frustration,C1,
1334,Express frustration,C1,
1335,Express frustration,C1,
1336,Draw conclusions and deductions,C1,
1337,Describe a move to the big city,C1,
1338,Express certainty or uncertainty,C1,
1339,Confirm information,C1,
1340,Confirm information,C1,
1341,Express good wishes,C1,
1342,Use the future perfect continuous,C1,
1343,Politely decline an offer,C1,
1344,Greet and introduce yourself,C2,
1345,Ask for and give information,C2,
1346,Describe your family,C2,
1347,Talk about work,C2,
1348,Describe clothes,C2,
1349,Describe clothes,C2,
1350,Describe clothes,C2,
1351,Describe a normal day,C2,
1352,Greet and say goodbye,C2,
1353,Greet and say goodbye,C2,
1354,Greet and say goodbye,C2,
1355,Greet and say goodbye,C2,
1356,Greet and say goodbye,C2,
1357,Greet and say goodbye,C2,
1358,Describe places,C2,
1359,Describe routines,C2,
1360,Express moods,C2,
1361,Express moods,C2,
1362,Express moods,C2,
1363,Express moods,C2,
1364,Express moods,C2,
1365,Talk about food,C2,
1366,Talk about food,C2,
1367,Ask for and tell the time,C2,
1368,Ask for and tell the time,C2,
1369,Ask for and tell the time,C2,
1370,Ask for and tell the time,C2,
1371,Go shopping,C2,
1372,Go shopping,C2,
1373,Go shopping,C2,
1374,Describe people,C2,
1375,Chat with others,C2,
1376,Chat with others,C2,
1377,Describe the weather,C2,
1378,Describe your house,C2,
1379,Talk about animals,C2,
1380,Give descriptions,C2,
1381,Give descriptions,C2,
1382,Give descriptions,C2,
1383,Give descriptions,C2,
1384,Give descriptions,C2,
1385,Give descriptions,C2,
1386,Give descriptions,C2,
1387,Request information,C2,
1388,Request information,C2,
1389,Request information,C2,
1390,Ask for directions,C2,
1391,Ask for directions,C2,
1392,Ask for directions,C2,
1393,Ask for directions,C2,
1394,Ask for directions,C2,
1395,Ask for directions,C2,
1396,Talk about free time,C2,
1397,Talk about free time,C2,
1398,Talk about free time,C2,
1399,Talk about nature,C2,
1400,Talk about nature,C2,
1401,Describe objects,C2,
1402,Make comparisons,C2,
1403,Make comparisons,C2,
1404,Make comparisons,C2,
1405,Make comparisons,C2,
1406,Plan activities,C2,
1407,Talk about the future,C2,
1408,Talk about the future,C2,
1409,Describe symptoms,C2,
1410,Narrate past events,C2,
1411,Express your opinion,C2,
1412,Express your opinion,C2,
1413,Express your opinion,C2,
1414,Express your opinion,C2,
1415,Express your opinion,C2,
1416,Express your opinion,C2,
1417,Express your opinion,C2,
1418,Express your opinion,C2,
1419,Express your opinion,C2,
1420,Express your opinion,C2,
1421,Express your opinion,C2,
1422,Express your opinion,C2,
1423,Talk about festivals,C2,
1424,Talk about romance,C2,
1425,Talk about chores,C2,
1426,Describe furniture,C2,
1427,Solve problems,C2,
1428,Solve problems,C2,
1429,Solve problems,C2,
1430,Make transactions,C2,
1431,Indicate quantities,C2,
1432,Indicate quantities,C2,
1433,Indicate quantities,C2,
1434,Indicate quantities,C2,
1435,Indicate quantities,C2,
1436,Talk about accidents,C2,
1437,Talk about accidents,C2,
1438,Talk about accidents,C2,
1439,Give advice,C2,
1440,Give advice,C2,
1441,Give advice,C2,
1442,Give advice,C2,
1443,Give advice,C2,
1444,Buy hygiene products,C2,
1445,Buy clothes,C2,
1446,Narrate stories,C2,
1447,Talk about professions,C2,
1448,Participate in class,C2,
1449,Acquire new clothes,C2,
1450,Talk about business,C2,
1451,Talk about places,C2,
1452,Interact socially,C2,
1453,Interact socially,C2,
1454,Describe illnesses,C2,
1455,Describe illnesses,C2,
1456,Describe illnesses,C2,
1457,Look for accommodation,C2,
1458,Identify ingredients,C2,
1459,Identify ingredients,C2,
1460,Describe activities,C2,
1461,Describe activities,C2,
1462,Describe activities,C2,
1463,Analyze occupations,C2,
1464,Describe a wedding,C2,
1465,Talk about memories,C2,
1466,Describe relationships,C2,
1467,Describe relationships,C2,
1468,Opine on clothing,C2,
1469,Describe a trip,C2,
1470,Describe a trip,C2,
1471,Discuss current events,C2,
1472,"Give descriptions, ask questions",C2,
1473,Participate in a debate,C2,
1474,Participate in a debate,C2,
1475,Talk about art,C2,
1476,Narrate a dream,C2,
1477,Narrate a dream,C2,
1478,Narrate a dream,C2,
1479,Talk about entertainment,C2,
1480,Talk about entertainment,C2,
1481,Describe costumes,C2,
1482,Narrate a trip,C2,
1483,Tell an adventure,C2,
1484,Tell an adventure,C2,
1485,Tell an adventure,C2,
1486,Confide secrets,C2,
1487,Confide secrets,C2,
1488,Confide secrets,C2,
1489,Confide secrets,C2,
1490,Confide secrets,C2,
1491,Confide secrets,C2,
1492,Confide secrets,C2,
1493,Confide secrets,C2,
1494,Confide secrets,C2,
1495,Confide secrets,C2,
1496,Describe a move,C2,
1497,Describe a move,C2,
1498,Describe a move,C2,
1499,Describe a move,C2,
1500,Describe a move,C2,
1501,Describe a move,C2,
1502,Describe a move,C2,
1503,Describe a move,C2,
1504,Describe a move,C2,
1505,Describe a move,C2,
1506,Express surprise,C2,
1507,Express surprise,C2,
1508,Express surprise,C2,
1509,Express surprise,C2,
1510,Express surprise,C2,
1511,Express surprise,C2,
1512,Express surprise,C2,
1513,Express surprise,C2,
1514,Express fear,C2,
1515,Express fear,C2,
1516,Express fear,C2,
1517,Express fear,C2,
1518,Express fear,C2,
1519,Express fear,C2,
1520,Express fear,C2,
1521,Express fear,C2,
1522,Express fear,C2,
1523,Talk about a tournament,C2,
1524,Talk about a tournament,C2,
1525,Establish contacts,C2,
1526,Describe geography,C2,
1527,Describe geography,C2,
1528,Dine in a restaurant,C2,
1529,Dine in a restaurant,C2,
1530,Opine on music,C2,
1531,Talk about crimes,C2,
1532,Talk about crimes,C2,
1533,Talk about crimes,C2,
1534,Talk about crimes,C2,
1535,Tell anecdotes,C2,
1536,Express gratitude,C2,
1537,Express gratitude,C2,
1538,Express gratitude,C2,
1539,Express gratitude,C2,
1540,Express gratitude,C2,
1541,Talk about interests,C2,
1542,Strike up a conversation,C2,
1543,Strike up a conversation,C2,
1544,Strike up a conversation,C2,
1545,Strike up a conversation,C2,
1546,Talk about television,C2,
1547,Meet up with friends,C2,
1548,Make a complaint,C2,
1549,Make a complaint,C2,
1550,Repeat information,C2,
1551,Give suggestions,C2,
1552,Give suggestions,C2,
1553,Give suggestions,C2,
1554,Give suggestions,C2,
1555,Give suggestions,C2,
1556,Plan a move,C2,
1557,Plan a move,C2,
1558,Plan a move,C2,
1559,Apologize,C2,
1560,Apologize,C2,
1561,Apologize,C2,
1562,Apologize,C2,
1563,Apologize,C2,
1564,Apologize,C2,
1565,Apologize,C2,
1566,Apologize,C2,
1567,Apologize,C2,
1568,Apologize,C2,
1569,Apologize,C2,
1570,Apologize,C2,
1571,Take your car to the shop,C2,
1572,Talk about traffic,C2,
1573,Talk about traffic,C2,
1574,Talk about the working world,C2,
1575,Maintain a conversation,C2,
1576,Maintain a conversation,C2,
1577,Return an item,C2,
1578,Make an announcement,C2,
1579,Talk about mistakes,C2,
1580,Use the Internet,C2,
1581,Use the Internet,C2,
1582,Describe traditions,C2,
1583,Talk about the environment,C2,
1584,Talk about aesthetics,C2,
1585,Talk about aesthetics,C2,
1586,Talk about aesthetics,C2,
1587,Talk about aesthetics,C2,
1588,Talk about aesthetics,C2,
1589,Talk about aesthetics,C2,
1590,Compare offers,C2,
1591,Compare offers,C2,
1592,Compare offers,C2,
1593,Opine on sports,C2,
1594,Talk about well-being,C2,
1595,Collaborate in the office,C2,
1596,Express wishes,C2,
1597,Give and ask for permission,C2,
1598,Give and ask for permission,C2,
1599,Give health advice,C2,
1600,Talk about moves,C2,
1601,Talk about moves,C2,
1602,Talk about moves,C2,
1603,Talk about moves,C2,
1604,Talk about moves,C2,
1605,Undertake projects,C2,
1606,Undertake projects,C2,
1607,Talk about gardening,C2,
1608,Talk about gardening,C2,
1609,Plan a trip,C2,
1610,Plan a trip,C2,
1611,Plan a trip,C2,
1612,Warn of risks,C2,
1613,Warn of risks,C2,
1614,Warn of risks,C2,
1615,Warn of risks,C2,
1616,Disprove stereotypes,C2,
1617,Disprove stereotypes,C2,
1618,Recognize mistakes,C2,
1619,Recognize mistakes,C2,
1620,Recognize mistakes,C2,
1621,Recognize mistakes,C2,
1622,Remember the past,C2,
1623,Remember the past,C2,
1624,Remember the past,C2,
1625,Remember the past,C2,
1626,Remember the past,C2,
1627,Remember the past,C2,
1628,Remember the past,C2,
1629,Talk about renovations,C2,
1630,Talk about goals,C2,
1631,Gossip,C2,
1632,Gossip,C2,
1633,Gossip,C2,
1634,Gossip,C2,
1635,Gossip,C2,
1636,Gossip,C2,
1637,Lodge a complaint,C2,
1638,Lodge a complaint,C2,
1639,Talk about cause and effect,C2,
1640,Express opinions,C2,
1641,Express opinions,C2,
1642,Express opinions,C2,
1643,Express opinions,C2,
1644,Express opinions,C2,
1645,Express opinions,C2,
1646,Console someone,C2,
1647,Console someone,C2,
1648,Console someone,C2,
1649,Console someone,C2,
